prog_id,title,department
1,Lebsack LLC,Legal
2,"Jacobson, Terry and Abernathy",Research and Development
3,McDermott and Sons,Marketing
4,"Medhurst, Schinner and Ernser",Human Resources
5,Moen-Legros,Accounting
6,Kertzmann Inc,Training
7,Treutel-Mraz,Human Resources
8,"Herzog, Hackett and Batz",Product Management
9,"Shields, Stanton and Daniel",Research and Development
10,"Dickinson, Russel and Lind",Product Management
11,Reinger and Sons,Services
12,"McLaughlin, Swaniawski and Roberts",Engineering
13,Crist Group,Product Management
14,Bednar Inc,Research and Development
15,"O'Hara, Volkman and Kessler",Business Development
16,Hartmann Group,Legal
17,Gusikowski Inc,Services
18,Rempel Group,Human Resources
19,Muller-Blick,Marketing
20,"Jones, Marks and Abernathy",Engineering
21,Bernhard LLC,Engineering
22,Runte LLC,Services
23,"Bode, Wisoky and Keeling",Human Resources
24,Moen-Leuschke,Marketing
25,Braun LLC,Sales
26,Ullrich and Sons,Business Development
27,"Bauch, Halvorson and Tremblay",Marketing
28,"Konopelski, Jacobson and Fay",Training
29,Frami Group,Product Management
30,Flatley-Hyatt,Legal
31,"Littel, Kuhn and Miller",Engineering
32,Gorczany-Fadel,Product Management
33,Dooley-Jakubowski,Engineering
34,Lowe Inc,Legal
35,"Gerlach, Bechtelar and Stanton",Accounting
36,Hammes and Sons,Business Development
37,Trantow-Kuhn,Accounting
38,Ullrich-Lakin,Human Resources
39,Bauch-Huel,Human Resources
40,Lehner-Brakus,Research and Development
41,Sauer Inc,Support
42,"Tillman, Brakus and Kerluke",Human Resources
43,Rau LLC,Legal
44,Crona Group,Business Development
45,Runolfsson Inc,Accounting
46,"Marks, Kihn and Parker",Legal
47,"Carroll, Swift and Gleason",Training
48,Barrows-Bayer,Engineering
49,Veum-Feil,Business Development
50,Ziemann-Bednar,Marketing
