title,field_id
Tempsoft,1
Toughjoyfax,2
Bytecard,3
Konklux,4
Prodder,5
Stim,6
Zamit,7
Trippledex,8
Veribet,9
Sonsing,10
Y-find,11
Y-Solowarm,12
Tresom,13
Domainer,14
Cardguard,15
Alpha,16
Trippledex,17
Cardguard,18
Zontrax,19
Temp,20
Stim,21
Treeflex,22
Stim,23
Bamity,24
Sonair,25
Tempsoft,26
Prodder,27
Voltsillam,28
Stronghold,29
Asoka,30
Cardify,31
Overhold,32
Opela,33
Ventosanzap,34
Quo Lux,35
Keylex,36
Tin,37
Sub-Ex,38
Greenlam,39
Subin,40
Duobam,41
Zontrax,42
Konklux,43
Quo Lux,44
Tempsoft,45
Fixflex,46
Cookley,47
Alphazap,48
Pannier,49
Stringtough,50
