Executive ID,First name,Last name
1,Tammy,Shawe
2,Gray,Sessions
3,Thelma,Standing
4,Katuscha,Penketh
5,Allen,Treneer
6,Trenna,Bermingham
7,Claire,Geill
8,Nicola,Douthwaite
9,Galina,Marshman
10,Rolph,Lucy
11,Ewan,Styles
12,Lucky,MacGuffog
13,Lolly,Pifford
14,Ozzie,Mosen
15,Raimund,Ciardo
16,Vivian,Staunton
17,Carolynn,Cunnell
18,Fernande,Reichardt
19,Kassia,Vescovini
20,Abeu,Studde
21,Glad,Love
22,Ivan,Crafter
23,Dru,Bussetti
24,Bryan,Farquar
25,Harli,Gierok
26,Romonda,Juhruke
27,Roxine,Heineke
28,Cilka,Wisker
29,Jacqui,Pettifor
30,Trenna,Jelly
31,Randa,Hillitt
32,Cordy,Dickinson
33,Raquela,Steagall
34,Gigi,DeSousa
35,Mandy,Davidou
36,Jany,Batcheldor
37,Alix,Smye
38,Rosalynd,Chazotte
39,Margery,Van der Veldt
40,Dannye,Easun
41,Denni,Sleney
42,Wandie,Gentry
43,Abner,Nichol
44,Athena,Sackur
45,Georgine,Juanes
46,Harmony,Emblen
47,Corabel,Mobley
48,Aubree,O'Looney
49,Darsey,Code
50,Rhianon,Jakes
