Program ID,Name,Department
1,Mirna,Shoes
2,Sallee,Clothing
3,Lou,Shoes
4,Noam,Computers
5,Georgina,Toys
6,Cora,Outdoors
7,Gamaliel,Sports
8,Paulita,Health
9,Andreas,Games
10,Hastings,Outdoors
11,Ford,Jewelry
12,Myer,Computers
13,Rossie,Movies
14,Weston,Games
15,Frants,Electronics
16,Randene,Movies
17,Butch,Automotive
18,Adam,Jewelry
19,Giustino,Outdoors
20,Esma,Garden
21,Min,Beauty
22,Carina,Kids
23,Baron,Sports
24,Stanford,Toys
25,Kassandra,Automotive
26,Aylmer,Electronics
27,Daveen,Clothing
28,Vinson,Baby
29,Verile,Health
30,Gussi,Sports
31,Julita,Books
32,Ulla,Kids
33,Florella,Health
34,Clarance,Beauty
35,Marigold,Computers
36,Gay,Home
37,Si,Home
38,Ellen,Shoes
39,Godfry,Kids
40,Mabel,Sports
41,Lydia,Clothing
42,Shay,Outdoors
43,Roxana,Garden
44,Jeff,Baby
45,Jill,Games
46,Kalie,Computers
47,Helene,Garden
48,Hector,Computers
49,Xena,Baby
50,Agretha,Automotive
51,Moyna,Industrial
52,Linda,Home
53,Hildegarde,Baby
54,Baxie,Health
55,Borg,Beauty
56,Perla,Music
57,Nissie,Automotive
58,Giordano,Home
59,Christoph,Tools
60,Thurstan,Computers
