"exec_id","first_name","last_name"
1,Baron,Aberchirder
2,Jacquelin,Lamport
3,Thurston,Warrillow
4,Belva,Vanacci
5,Diannne,Nasey
6,Shellie,Kohrs
7,Bennie,Ellesworthe
8,Abie,MacMechan
9,Tobe,Mirando
10,Matteo,Heiner
11,Trudy,Kealy
12,Ara,Springett
13,Trumann,Armatidge
14,Andreas,Springham
15,Haskell,Pickles
16,Jeremias,Facchini
17,Lynne,Kerry
18,Thorpe,Lippett
19,Johnna,Bygraves
20,Nicol,Ever
21,Kirbie,Wolverson
22,Lucine,Foskew
23,Flory,Presidey
24,Christa,Atyea
25,Parke,Evangelinos
26,Gwynne,Bulleyn
27,Shurwood,Pearcehouse
28,Say,Ruberti
29,Yance,Bexley
30,Nicoline,Woollin
31,Anthea,Martyntsev
32,Marthe,Rosenfrucht
33,Kittie,Brunel
34,Ardelis,Folomkin
35,Alina,Cowmeadow
36,Simonne,Bright
37,Meredithe,Shoorbrooke
38,Doralin,Liff
39,Melesa,Kilbourne
40,Burlie,Clemmen
41,Bennett,Doohey
42,Alphonse,Kennerknecht
43,Arabel,Caudrelier
44,Tawnya,Adhams
45,Eunice,Mifflin
46,Bartholemy,Eschalette
47,Corey,Kempstone
48,Karin,Horburgh
49,Elissa,Rainville
50,Winfred,Dugmore
51,Christa,Dawdry
52,Genevra,Sturge
53,Carr,Frangleton
54,Brandais,Dorton
55,Gaven,Sphinxe
56,Odell,Paladini
57,Amity,Bodimeade
58,Ddene,Gehrts
59,Matthew,Badam
60,Mathian,Baume
61,Malinda,Jancik
62,Barney,Colleer
63,Che,Claypoole
64,Jason,O'Drought
65,Abbey,Osban
66,Hallsy,Aitchison
67,Base,Jallin
68,Fonzie,Duignan
69,Andriette,Meggison
70,Geoffry,Langstone
71,Fancy,Hounsom
72,Elli,Trenholm
73,Kristy,Eccleshare
74,Wain,Weald
75,Patrizia,Cornilleau
76,Noni,Grimwade
77,Patsy,Stockport
78,Harman,Hacun
79,Pace,Byk
80,Gwyn,Lightbown
81,Chane,Lepard
82,Ali,Bysh
83,Vanni,Bendel
84,Clemence,Battany
85,Jack,Beedle
86,Ayn,Kee
87,Adrianne,Trowl
88,Carolan,Huntington
89,Jeanne,Kettridge
90,Teresina,Kretchmer
91,Gaston,Becaris
92,Maura,Lawrie
93,Barnett,Marner
94,Una,Ridding
95,Shirleen,Nation
96,Rhody,Mackneis
97,Barnie,Caillou
98,Mercy,Anthes
99,Reggie,MacCracken
100,Vin,Tupling
